{"cameraMode":{"drawMode":0,"name":"Shaded","section":"Shading Mode"},"sceneLighting":false,"audioPlay":false,"sceneViewState":{"showFog":true,"showMaterialUpdate":false,"showSkybox":false,"showFlares":true,"showImageEffects":true,"showParticleSystems":true},"in2DMode":false,"pivot":{"x":0.12599694728851319,"y":0.1639343500137329,"z":-0.29842132329940798},"rotation":{"x":0.0688728466629982,"y":0.8454316854476929,"z":-0.5175360441207886,"w":0.11250869929790497},"size":1.733452320098877,"orthographic":false}