{"cameraMode":{"drawMode":0,"name":"Shaded","section":"Shading Mode"},"sceneLighting":false,"audioPlay":false,"sceneViewState":{"showFog":true,"showMaterialUpdate":false,"showSkybox":true,"showFlares":true,"showImageEffects":true,"showParticleSystems":true},"in2DMode":false,"pivot":{"x":14.740577697753907,"y":-9.632081985473633,"z":17.7775936126709},"rotation":{"x":0.4712984561920166,"y":0.12099190056324005,"z":-0.06545520573854447,"w":0.8711797595024109},"size":37.88298797607422,"orthographic":false}